Country_Region,Province_State,country_code
Afghanistan,,AF
Albania,,AL
Algeria,,DZ
Andorra,,AD
Angola,,AO
Antigua and Barbuda,,AG
Argentina,,AR
Armenia,,AM
Australia,Australian Capital Territory,AU-ACT
Australia,New South Wales,AU-NSW
Australia,Northern Territory,AU-NT
Australia,Queensland,AU-QLD
Australia,South Australia,AU-SA
Australia,Tasmania,AU-TAS
Australia,Victoria,AU-VIC
Australia,Western Australia,AU-WA
Austria,,AT
Azerbaijan,,AZ
Bahamas,,BS
Bahrain,,BH
Bangladesh,,BD
Barbados,,BB
Belarus,,BY
Belgium,,BE
Belize,,BZ
Benin,,BJ
Bhutan,,BT
Bolivia,,BO
Bosnia and Herzegovina,,BA
Botswana,,BW
Brazil,,BR
Brunei,,BN
Bulgaria,,BG
Burkina Faso,,BF
Burma,,MM
Burundi,,BI
Cabo Verde,,CV
Cambodia,,KH
Cameroon,,CM
Canada,Alberta,CA-AB
Canada,British Columbia,CA-BC
Canada,Manitoba,CA-MB
Canada,New Brunswick,CA-NB
Canada,Newfoundland and Labrador,CA-NL
Canada,Northwest Territories,CA-NT
Canada,Nova Scotia,CA-NS
Canada,Ontario,CA-ON
Canada,Prince Edward Island,CA-PE
Canada,Quebec,CA-QC
Canada,Saskatchewan,CA-SK
Canada,Yukon,CA-YT
Central African Republic,,CF
Chad,,TD
Chile,,CL
China,Anhui,CN-34
China,Beijing,CN-11
China,Chongqing,CN-50
China,Fujian,CN-35
China,Gansu,CN-62
China,Guangdong,CN-44
China,Guangxi,CN-45
China,Guizhou,CN-52
China,Hainan,CN-46
China,Hebei,CN-13
China,Heilongjiang,CN-23
China,Henan,CN-41
China,Hong Kong,HK
China,Hubei,CN-42
China,Hunan,CN-43
China,Inner Mongolia,MN
China,Jiangsu,CN-32
China,Jiangxi,CN-43
China,Jilin,CN-22
China,Liaoning,CN-21
China,Macau,MO
China,Ningxia,CN-64
China,Qinghai,CN-63
China,Shaanxi,CN-61
China,Shandong,CN-37
China,Shanghai,CN-31
China,Shanxi,CN-14
China,Sichuan,CN-51
China,Tianjin,CN-12
China,Tibet,
China,Xinjiang,CN-65
China,Yunnan,CN-53
China,Zhejiang,CN-33
Colombia,,CO
Congo (Brazzaville),,CD
Congo (Kinshasa),,CG
Costa Rica,,CR
Cote d'Ivoire,,CI
Croatia,,HR
Cuba,,CU
Cyprus,,CY
Czechia,,CZ
Denmark,,DK
Denmark,Faroe Islands,FO
Denmark,Greenland,GL
Diamond Princess,,
Djibouti,,DJ
Dominica,,DM
Dominican Republic,,DO
Ecuador,,EC
Egypt,,EG
El Salvador,,SV
Equatorial Guinea,,GQ
Eritrea,,ER
Estonia,,EE
Eswatini,,SZ
Ethiopia,,ET
Fiji,,FJ
Finland,,FI
France,,FR
France,French Guiana,GF
France,French Polynesia,PF
France,Guadeloupe,GP
France,Martinique,MQ
France,Mayotte,YT
France,New Caledonia,NC
France,Reunion,RE
France,Saint Barthelemy,BL
France,Saint Pierre and Miquelon,PM
France,St Martin,FR-66
Gabon,,GA
Gambia,,GM
Georgia,,GE
Germany,,DE
Ghana,,GH
Greece,,GR
Grenada,,GD
Guatemala,,GT
Guinea,,GN
Guinea-Bissau,,GW
Guyana,,GY
Haiti,,HT
Holy See,,VA
Honduras,,HN
Hungary,,HU
Iceland,,IS
India,,IN
Indonesia,,ID
Iran,,IR
Iraq,,IQ
Ireland,,IE
Israel,,IL
Italy,,IT
Jamaica,,JM
Japan,,JP
Jordan,,JO
Kazakhstan,,KZ
Kenya,,KE
"Korea, South",,KR
Kosovo,,MK
Kuwait,,KW
Kyrgyzstan,,KG
Laos,,LA
Latvia,,LV
Lebanon,,LB
Liberia,,LR
Libya,,LY
Liechtenstein,,LI
Lithuania,,LT
Luxembourg,,LU
Madagascar,,MG
Malawi,,MW
Malaysia,,MY
Maldives,,MV
Mali,,ML
Malta,,MT
Mauritania,,MR
Mauritius,,MU
Mexico,,MX
Moldova,,MD
Monaco,,MC
Mongolia,,MN
Montenegro,,ME
Morocco,,MA
Mozambique,,MZ
MS Zaandam,,
Namibia,,NA
Nepal,,NP
Netherlands,,NL
Netherlands,Aruba,AW
Netherlands,"Bonaire, Sint Eustatius and Saba",BQ
Netherlands,Curacao,CW
Netherlands,Sint Maarten,SX
New Zealand,,NZ
Nicaragua,,NI
Niger,,NE
Nigeria,,NG
North Macedonia,,MK
Norway,,NO
Oman,,OM
Pakistan,,PK
Panama,,PA
Papua New Guinea,,PG
Paraguay,,PY
Peru,,PE
Philippines,,PH
Poland,,PL
Portugal,,PT
Qatar,,QA
Romania,,RO
Russia,,RU
Rwanda,,RW
Saint Kitts and Nevis,,KN
Saint Lucia,,LC
Saint Vincent and the Grenadines,,VC
San Marino,,SM
Sao Tome and Principe,,ST
Saudi Arabia,,SA
Senegal,,SN
Serbia,,RS
Seychelles,,SC
Sierra Leone,,SL
Singapore,,SG
Slovakia,,SK
Slovenia,,SI
Somalia,,SO
South Africa,,ZA
South Sudan,,SS
Spain,,ES
Sri Lanka,,LK
Sudan,,SD
Suriname,,SR
Sweden,,SE
Switzerland,,CH
Syria,,SY
Taiwan*,,TW
Tanzania,,TZ
Thailand,,TH
Timor-Leste,,TL
Togo,,TG
Trinidad and Tobago,,TT
Tunisia,,TN
Turkey,,TR
Uganda,,UG
Ukraine,,UA
United Arab Emirates,,AE
United Kingdom,,GB
United Kingdom,Anguilla,AI
United Kingdom,Bermuda,BM
United Kingdom,British Virgin Islands,VG
United Kingdom,Cayman Islands,KY
United Kingdom,Channel Islands,GB-CHA
United Kingdom,Falkland Islands (Malvinas),FK
United Kingdom,Gibraltar,GI
United Kingdom,Isle of Man,IM
United Kingdom,Montserrat,MS
United Kingdom,Turks and Caicos Islands,TC
Uruguay,,UY
US,Alabama,US-AL
US,Alaska,US-AK
US,Arizona,US-AZ
US,Arkansas,US-AR
US,California,US-CA
US,Colorado,US-CO
US,Connecticut,US-CT
US,Delaware,US-DE
US,District of Columbia,US-DC
US,Florida,US-FL
US,Georgia,US-GA
US,Guam,GU
US,Hawaii,US-HI
US,Idaho,US-ID
US,Illinois,US-IL
US,Indiana,US-IN
US,Iowa,US-IA
US,Kansas,US-KS
US,Kentucky,US-KY
US,Louisiana,US-LA
US,Maine,US-ME
US,Maryland,US-MD
US,Massachusetts,US-MA
US,Michigan,US-MI
US,Minnesota,US-MN
US,Mississippi,US-MS
US,Missouri,US-MO
US,Montana,US-MT
US,Nebraska,US-NE
US,Nevada,US-NV
US,New Hampshire,US-NH
US,New Jersey,US-NJ
US,New Mexico,US-NM
US,New York,US-NY
US,North Carolina,US-NC
US,North Dakota,US-ND
US,Ohio,US-OH
US,Oklahoma,US-OK
US,Oregon,US-OR
US,Pennsylvania,US-PA
US,Puerto Rico,PR
US,Rhode Island,US-RI
US,South Carolina,US-SC
US,South Dakota,US-SD
US,Tennessee,US-TN
US,Texas,US-TX
US,Utah,US-UT
US,Vermont,US-VT
US,Virgin Islands,VI
US,Virginia,US-VA
US,Washington,US-WA
US,West Virginia,US-WV
US,Wisconsin,US-WI
US,Wyoming,US-WY
Uzbekistan,,UZ
Venezuela,,VE
Vietnam,,VN
West Bank and Gaza,,ZA
Western Sahara,,EH
Zambia,,ZM
Zimbabwe,,ZW
